quote_id,service_type,quote_amount,discount_percentage,requirement_complete,ai_interpretation_reviewed,quotation_time_minutes,days_to_requested_date,customer_response_days,status,converted_to_sale,synthetic_flag
SYN-001,Carpas,8100.54,2.41,1,1,8,56,5,CONCRETADA,1,true
SYN-002,Toldos,3055.33,15.9,1,0,28,77,2,CONCRETADA,1,true
SYN-003,Tapizado,636.14,10.88,1,1,34,4,11,CONCRETADA,1,true
SYN-004,Carpas,4267.78,0.71,1,0,68,11,7,NO_CONCRETADA,0,true
SYN-005,Toldos,2564.01,11.33,1,1,10,51,13,NO_CONCRETADA,0,true
SYN-006,Tapizado,1513.45,0.25,1,1,27,79,4,CONCRETADA,1,true
SYN-007,Carpas,6521.56,17.91,1,0,61,53,13,NO_CONCRETADA,0,true
SYN-008,Toldos,4855.04,11.66,1,1,70,44,6,CONCRETADA,1,true
SYN-009,Tapizado,3116.9,17.21,1,1,33,55,14,CONCRETADA,1,true
SYN-010,Carpas,2917.84,2.42,0,0,58,32,19,CONCRETADA,1,true
SYN-011,Toldos,7313.27,16.65,1,1,44,64,19,CONCRETADA,1,true
SYN-012,Tapizado,1903.06,2.61,1,1,74,48,7,NO_CONCRETADA,0,true
SYN-013,Carpas,8201.71,10.89,0,0,31,47,20,CONCRETADA,1,true
SYN-014,Toldos,3985.06,12.65,1,1,47,60,8,NO_CONCRETADA,0,true
SYN-015,Tapizado,7936.06,8.27,1,1,67,74,14,NO_CONCRETADA,0,true
SYN-016,Carpas,1950.22,0.89,1,1,58,16,17,CONCRETADA,1,true
SYN-017,Toldos,4827.02,14.32,1,1,14,85,5,CONCRETADA,1,true
SYN-018,Tapizado,6059.48,0.39,0,0,26,4,6,NO_CONCRETADA,0,true
SYN-019,Carpas,8097.23,6.4,1,1,16,5,20,NO_CONCRETADA,0,true
SYN-020,Toldos,335.03,19.76,1,1,18,44,1,CONCRETADA,1,true
SYN-021,Tapizado,7840.11,18.66,0,0,38,56,13,NO_CONCRETADA,0,true
SYN-022,Carpas,7561.2,2.87,0,0,45,34,20,NO_CONCRETADA,0,true
SYN-023,Toldos,2427.93,4.58,1,1,5,23,2,CONCRETADA,1,true
SYN-024,Tapizado,3687.75,7.52,1,1,36,19,14,NO_CONCRETADA,0,true
SYN-025,Carpas,2863.35,19.03,0,0,33,27,0,CONCRETADA,1,true
SYN-026,Toldos,1049.7,1.83,1,1,33,81,3,CONCRETADA,1,true
SYN-027,Tapizado,6732.12,7.83,1,1,8,44,6,CONCRETADA,1,true
SYN-028,Carpas,7496.36,15.92,0,0,30,65,12,NO_CONCRETADA,0,true
SYN-029,Toldos,7284.82,11.46,1,1,73,1,16,NO_CONCRETADA,0,true
SYN-030,Tapizado,5479.68,2.31,1,1,7,40,9,CONCRETADA,1,true
SYN-031,Carpas,6738.7,10.5,1,1,12,15,9,CONCRETADA,1,true
SYN-032,Toldos,4382.66,5.55,1,1,29,67,18,NO_CONCRETADA,0,true
SYN-033,Tapizado,1881.7,0.66,1,1,3,20,20,CONCRETADA,1,true
SYN-034,Carpas,4285.23,4.69,1,1,5,20,6,CONCRETADA,1,true
SYN-035,Toldos,1048.55,6.56,0,0,13,59,7,NO_CONCRETADA,0,true
SYN-036,Tapizado,3860.16,19.92,0,0,26,28,6,CONCRETADA,1,true
SYN-037,Carpas,7614.09,3.87,1,1,75,70,10,NO_CONCRETADA,0,true
SYN-038,Toldos,2657.72,5.46,1,0,7,56,14,CONCRETADA,1,true
SYN-039,Tapizado,5600.36,6.07,1,1,58,25,13,CONCRETADA,1,true
SYN-040,Carpas,1293.44,7.51,1,1,26,5,17,CONCRETADA,1,true
SYN-041,Toldos,7422.75,10.04,0,0,59,85,18,NO_CONCRETADA,0,true
SYN-042,Tapizado,1866.22,11.43,0,0,8,22,2,NO_CONCRETADA,0,true
SYN-043,Carpas,4352.66,5.25,0,0,6,41,8,CONCRETADA,1,true
SYN-044,Toldos,7302.73,15.07,1,1,38,3,5,NO_CONCRETADA,0,true
SYN-045,Tapizado,3411.71,7.07,1,1,68,67,19,NO_CONCRETADA,0,true
SYN-046,Carpas,583.61,7.27,1,1,57,83,1,CONCRETADA,1,true
SYN-047,Toldos,2233.96,10.6,0,0,46,74,20,CONCRETADA,1,true
SYN-048,Tapizado,6011.24,1.64,0,0,48,32,5,NO_CONCRETADA,0,true
SYN-049,Carpas,4696.95,8.64,1,1,30,3,3,NO_CONCRETADA,0,true
SYN-050,Toldos,3796.97,9.42,0,0,19,25,13,CONCRETADA,1,true
SYN-051,Tapizado,168.35,6.73,1,1,15,34,11,CONCRETADA,1,true
SYN-052,Carpas,5464.35,5.53,1,1,49,84,18,NO_CONCRETADA,0,true
SYN-053,Toldos,3207.43,1.18,1,0,31,71,0,NO_CONCRETADA,0,true
SYN-054,Tapizado,5393.02,13.17,1,1,43,79,3,CONCRETADA,1,true
SYN-055,Carpas,5413.3,10.04,1,1,57,65,18,CONCRETADA,1,true
SYN-056,Toldos,2219.73,7.06,1,1,13,36,13,CONCRETADA,1,true
SYN-057,Tapizado,7664.16,1.08,1,1,31,78,13,NO_CONCRETADA,0,true
SYN-058,Carpas,1335.0,2.61,1,1,62,74,9,CONCRETADA,1,true
SYN-059,Toldos,3137.8,7.45,1,1,16,44,4,CONCRETADA,1,true
SYN-060,Tapizado,4669.44,5.52,0,0,41,65,9,NO_CONCRETADA,0,true
SYN-061,Carpas,5654.25,10.68,1,1,48,31,12,NO_CONCRETADA,0,true
SYN-062,Toldos,6601.77,5.04,1,1,12,84,7,CONCRETADA,1,true
SYN-063,Tapizado,5135.94,11.0,1,1,66,62,9,CONCRETADA,1,true
SYN-064,Carpas,2351.74,4.31,1,0,20,35,2,NO_CONCRETADA,0,true
SYN-065,Toldos,730.9,1.22,0,0,70,40,2,CONCRETADA,1,true
SYN-066,Tapizado,3737.82,4.8,1,1,49,3,10,NO_CONCRETADA,0,true
SYN-067,Carpas,5894.16,18.13,1,0,67,15,17,NO_CONCRETADA,0,true
SYN-068,Toldos,506.72,3.48,1,1,29,86,12,CONCRETADA,1,true
SYN-069,Tapizado,4430.53,2.32,0,0,34,52,19,NO_CONCRETADA,0,true
SYN-070,Carpas,5887.24,19.85,0,0,21,55,5,NO_CONCRETADA,0,true
SYN-071,Toldos,5604.53,2.82,1,0,74,72,17,NO_CONCRETADA,0,true
SYN-072,Tapizado,4745.16,13.91,0,0,75,47,18,NO_CONCRETADA,0,true
SYN-073,Carpas,2209.3,1.02,1,1,51,37,13,CONCRETADA,1,true
SYN-074,Toldos,7641.31,8.54,0,0,41,22,10,CONCRETADA,1,true
SYN-075,Tapizado,4462.19,12.96,1,1,8,84,8,CONCRETADA,1,true
SYN-076,Carpas,6566.67,0.82,1,1,54,48,14,CONCRETADA,1,true
SYN-077,Toldos,8373.55,7.43,1,1,61,21,4,NO_CONCRETADA,0,true
SYN-078,Tapizado,702.32,10.08,0,0,46,6,16,CONCRETADA,1,true
SYN-079,Carpas,6307.2,8.17,0,0,62,37,8,NO_CONCRETADA,0,true
SYN-080,Toldos,7521.13,9.46,1,1,23,53,3,CONCRETADA,1,true
SYN-081,Tapizado,328.23,9.92,1,1,56,63,14,CONCRETADA,1,true
SYN-082,Carpas,1954.74,2.89,1,1,40,23,6,CONCRETADA,1,true
SYN-083,Toldos,4285.61,14.55,1,0,19,22,4,NO_CONCRETADA,0,true
SYN-084,Tapizado,8145.69,12.74,1,1,21,28,1,NO_CONCRETADA,0,true
SYN-085,Carpas,6426.15,0.98,1,1,42,62,6,NO_CONCRETADA,0,true
SYN-086,Toldos,3721.53,0.78,1,1,57,79,10,CONCRETADA,1,true
SYN-087,Tapizado,7435.25,1.28,1,0,19,67,11,NO_CONCRETADA,0,true
SYN-088,Carpas,1811.4,10.23,1,1,4,62,3,CONCRETADA,1,true
SYN-089,Toldos,4468.98,8.86,1,0,35,70,7,CONCRETADA,1,true
SYN-090,Tapizado,5970.69,5.74,0,0,31,8,16,NO_CONCRETADA,0,true
SYN-091,Carpas,4896.0,5.12,1,1,13,54,14,NO_CONCRETADA,0,true
SYN-092,Toldos,4315.61,11.81,1,1,67,44,0,CONCRETADA,1,true
SYN-093,Tapizado,4343.96,1.8,0,0,48,55,4,CONCRETADA,1,true
SYN-094,Carpas,720.91,2.64,0,0,37,18,3,CONCRETADA,1,true
SYN-095,Toldos,1367.03,17.47,1,1,64,14,13,NO_CONCRETADA,0,true
SYN-096,Tapizado,3721.55,8.11,1,0,12,1,2,NO_CONCRETADA,0,true
SYN-097,Carpas,4727.34,16.21,0,0,34,76,19,NO_CONCRETADA,0,true
SYN-098,Toldos,8024.3,13.08,1,0,15,41,1,CONCRETADA,1,true
SYN-099,Tapizado,3299.12,13.11,1,1,66,40,0,CONCRETADA,1,true
SYN-100,Carpas,1536.96,13.41,1,0,34,53,6,CONCRETADA,1,true
SYN-101,Toldos,5471.66,2.51,0,0,33,83,20,NO_CONCRETADA,0,true
SYN-102,Tapizado,3243.05,12.77,1,1,26,16,5,NO_CONCRETADA,0,true
SYN-103,Carpas,3857.1,14.63,0,0,23,54,15,NO_CONCRETADA,0,true
SYN-104,Toldos,3675.01,12.45,1,0,71,39,9,CONCRETADA,1,true
SYN-105,Tapizado,4295.33,14.71,0,0,29,30,9,NO_CONCRETADA,0,true
SYN-106,Carpas,1010.41,14.74,1,1,74,24,5,CONCRETADA,1,true
SYN-107,Toldos,7413.48,10.55,1,1,18,52,17,NO_CONCRETADA,0,true
SYN-108,Tapizado,3820.42,15.69,1,1,68,71,19,NO_CONCRETADA,0,true
SYN-109,Carpas,7990.41,16.15,1,1,36,61,3,NO_CONCRETADA,0,true
SYN-110,Toldos,7590.23,9.83,0,0,2,25,10,NO_CONCRETADA,0,true
SYN-111,Tapizado,3309.8,7.76,0,0,69,43,14,NO_CONCRETADA,0,true
SYN-112,Carpas,4236.82,4.35,1,1,20,67,20,CONCRETADA,1,true
SYN-113,Toldos,4635.33,7.64,0,0,7,10,10,CONCRETADA,1,true
SYN-114,Tapizado,5829.88,14.24,0,0,69,39,16,NO_CONCRETADA,0,true
SYN-115,Carpas,4239.19,17.54,0,0,39,51,11,NO_CONCRETADA,0,true
SYN-116,Toldos,3734.91,5.11,1,0,15,1,4,NO_CONCRETADA,0,true
SYN-117,Tapizado,6926.57,11.67,1,0,24,85,13,CONCRETADA,1,true
SYN-118,Carpas,1522.2,18.2,1,1,38,65,16,NO_CONCRETADA,0,true
SYN-119,Toldos,1051.55,10.83,1,1,75,51,20,NO_CONCRETADA,0,true
SYN-120,Tapizado,6019.85,17.96,1,1,70,23,17,NO_CONCRETADA,0,true
SYN-121,Carpas,2495.66,11.81,1,1,19,54,2,CONCRETADA,1,true
SYN-122,Toldos,6574.37,3.18,1,1,40,54,20,CONCRETADA,1,true
SYN-123,Tapizado,1120.01,10.73,1,0,22,25,7,NO_CONCRETADA,0,true
SYN-124,Carpas,6724.36,7.14,0,0,13,53,3,NO_CONCRETADA,0,true
SYN-125,Toldos,4126.84,0.16,1,1,43,54,18,CONCRETADA,1,true
SYN-126,Tapizado,1018.97,15.78,1,1,4,33,17,NO_CONCRETADA,0,true
SYN-127,Carpas,562.04,5.05,0,0,19,79,10,CONCRETADA,1,true
SYN-128,Toldos,1769.85,0.7,1,1,48,85,20,CONCRETADA,1,true
SYN-129,Tapizado,5673.95,6.81,1,0,6,36,3,CONCRETADA,1,true
SYN-130,Carpas,7232.96,6.79,1,1,9,3,11,NO_CONCRETADA,0,true
SYN-131,Toldos,1283.76,8.98,1,1,5,31,4,CONCRETADA,1,true
SYN-132,Tapizado,955.9,16.99,1,1,48,23,20,CONCRETADA,1,true
SYN-133,Carpas,7482.2,18.57,0,0,21,10,8,NO_CONCRETADA,0,true
SYN-134,Toldos,3635.62,15.04,0,0,60,52,5,NO_CONCRETADA,0,true
SYN-135,Tapizado,8434.39,14.27,1,0,30,31,14,NO_CONCRETADA,0,true
SYN-136,Carpas,5732.03,4.02,1,0,70,35,1,CONCRETADA,1,true
SYN-137,Toldos,4717.0,15.22,1,1,33,85,13,CONCRETADA,1,true
SYN-138,Tapizado,5293.44,14.67,0,0,51,75,15,CONCRETADA,1,true
SYN-139,Carpas,1725.62,13.29,1,1,61,88,17,CONCRETADA,1,true
SYN-140,Toldos,725.0,12.71,1,1,12,11,6,CONCRETADA,1,true
SYN-141,Tapizado,1950.95,16.81,1,0,57,76,7,NO_CONCRETADA,0,true
SYN-142,Carpas,8171.2,2.93,1,1,34,42,7,NO_CONCRETADA,0,true
SYN-143,Toldos,4117.43,5.19,1,1,31,72,14,CONCRETADA,1,true
SYN-144,Tapizado,1949.79,4.2,1,0,50,39,5,CONCRETADA,1,true
SYN-145,Carpas,2899.38,15.62,1,1,9,29,7,CONCRETADA,1,true
SYN-146,Toldos,4820.46,0.64,1,1,15,57,1,CONCRETADA,1,true
SYN-147,Tapizado,1188.24,5.58,1,1,18,40,3,CONCRETADA,1,true
SYN-148,Carpas,2290.82,10.06,1,1,12,28,17,NO_CONCRETADA,0,true
SYN-149,Toldos,8498.11,6.88,1,1,15,51,0,CONCRETADA,1,true
SYN-150,Tapizado,3809.56,4.28,0,0,33,76,14,NO_CONCRETADA,0,true
SYN-151,Carpas,3127.75,6.8,1,1,29,47,4,CONCRETADA,1,true
SYN-152,Toldos,8143.38,2.59,1,0,9,87,9,CONCRETADA,1,true
SYN-153,Tapizado,2882.79,16.63,1,1,36,10,8,CONCRETADA,1,true
SYN-154,Carpas,6711.24,7.9,0,0,3,34,12,CONCRETADA,1,true
SYN-155,Toldos,1346.37,16.72,1,1,29,61,18,NO_CONCRETADA,0,true
SYN-156,Tapizado,4038.78,4.26,0,0,72,79,12,NO_CONCRETADA,0,true
SYN-157,Carpas,6023.81,7.51,0,0,35,3,1,NO_CONCRETADA,0,true
SYN-158,Toldos,6775.92,2.44,1,0,51,73,15,NO_CONCRETADA,0,true
SYN-159,Tapizado,7959.8,15.45,1,1,46,65,6,NO_CONCRETADA,0,true
SYN-160,Carpas,6402.96,19.72,1,1,65,58,1,NO_CONCRETADA,0,true
SYN-161,Toldos,6812.78,8.54,1,1,57,83,9,NO_CONCRETADA,0,true
SYN-162,Tapizado,379.67,10.11,1,0,25,62,13,CONCRETADA,1,true
SYN-163,Carpas,5236.8,19.29,1,1,55,26,20,NO_CONCRETADA,0,true
SYN-164,Toldos,3389.59,17.73,1,1,46,54,5,CONCRETADA,1,true
SYN-165,Tapizado,4140.1,4.76,1,1,38,25,11,NO_CONCRETADA,0,true
SYN-166,Carpas,2198.8,17.36,1,1,17,2,20,CONCRETADA,1,true
SYN-167,Toldos,5525.96,8.78,1,1,66,54,20,NO_CONCRETADA,0,true
SYN-168,Tapizado,2560.91,7.0,1,1,12,58,14,CONCRETADA,1,true
SYN-169,Carpas,4911.69,1.58,1,1,47,22,11,CONCRETADA,1,true
SYN-170,Toldos,2543.88,12.77,1,1,3,22,17,CONCRETADA,1,true
SYN-171,Tapizado,4793.55,17.72,1,1,3,90,13,CONCRETADA,1,true
SYN-172,Carpas,6641.08,5.79,1,1,15,79,17,CONCRETADA,1,true
SYN-173,Toldos,3281.16,14.66,1,1,19,33,16,CONCRETADA,1,true
SYN-174,Tapizado,2067.42,11.72,0,0,75,27,17,NO_CONCRETADA,0,true
SYN-175,Carpas,4652.26,12.3,0,0,71,1,17,NO_CONCRETADA,0,true
SYN-176,Toldos,2441.92,8.25,1,1,22,11,18,CONCRETADA,1,true
SYN-177,Tapizado,6325.23,13.36,1,1,49,21,7,NO_CONCRETADA,0,true
SYN-178,Carpas,4476.78,12.97,1,1,54,60,12,CONCRETADA,1,true
SYN-179,Toldos,6432.23,2.26,1,1,72,48,10,CONCRETADA,1,true
SYN-180,Tapizado,3495.83,19.96,1,1,8,59,13,CONCRETADA,1,true
SYN-181,Carpas,2292.64,6.26,1,0,23,34,2,NO_CONCRETADA,0,true
SYN-182,Toldos,2103.03,3.74,0,0,72,6,8,NO_CONCRETADA,0,true
SYN-183,Tapizado,4821.72,16.18,1,1,64,17,2,CONCRETADA,1,true
SYN-184,Carpas,7670.11,7.96,1,1,62,44,2,CONCRETADA,1,true
SYN-185,Toldos,407.86,17.3,1,1,8,84,0,CONCRETADA,1,true
SYN-186,Tapizado,6964.19,14.73,1,0,30,29,14,CONCRETADA,1,true
SYN-187,Carpas,2721.57,11.25,1,1,45,65,14,CONCRETADA,1,true
SYN-188,Toldos,7983.12,15.53,1,1,30,9,15,CONCRETADA,1,true
SYN-189,Tapizado,2963.6,4.04,0,0,16,87,14,CONCRETADA,1,true
SYN-190,Carpas,5502.1,13.66,0,0,22,28,18,NO_CONCRETADA,0,true
SYN-191,Toldos,8066.25,18.38,1,1,2,90,13,CONCRETADA,1,true
SYN-192,Tapizado,3921.17,18.93,1,1,31,49,15,CONCRETADA,1,true
SYN-193,Carpas,3059.25,19.45,1,0,5,79,6,CONCRETADA,1,true
SYN-194,Toldos,5555.12,19.9,0,0,5,86,17,NO_CONCRETADA,0,true
SYN-195,Tapizado,4774.95,0.19,0,0,38,63,12,CONCRETADA,1,true
SYN-196,Carpas,4717.37,16.7,1,0,17,70,5,CONCRETADA,1,true
SYN-197,Toldos,7941.2,1.5,1,0,66,6,20,CONCRETADA,1,true
SYN-198,Tapizado,5966.83,19.38,1,1,75,18,15,NO_CONCRETADA,0,true
SYN-199,Carpas,7657.63,19.72,1,1,56,69,7,NO_CONCRETADA,0,true
SYN-200,Toldos,7303.51,5.09,0,0,72,58,6,NO_CONCRETADA,0,true
