Characteristic,Criterion,Evidence/metric,Evaluation method,Actual result,Status,Evidence
Adecuación funcional,Definir umbral verificable con responsables,Pendiente,Pruebas y medición en entorno objetivo,No evaluado,PENDING,Sin evidencia ejecutada
Eficiencia de desempeño,Definir umbral verificable con responsables,Pendiente,Pruebas y medición en entorno objetivo,No evaluado,PENDING,Sin evidencia ejecutada
Compatibilidad,Definir umbral verificable con responsables,Pendiente,Pruebas y medición en entorno objetivo,No evaluado,PENDING,Sin evidencia ejecutada
Capacidad de interacción,Definir umbral verificable con responsables,Pendiente,Pruebas y medición en entorno objetivo,No evaluado,PENDING,Sin evidencia ejecutada
Fiabilidad,Definir umbral verificable con responsables,Pendiente,Pruebas y medición en entorno objetivo,No evaluado,PENDING,Sin evidencia ejecutada
Seguridad,Definir umbral verificable con responsables,Pendiente,Pruebas y medición en entorno objetivo,No evaluado,PENDING,Sin evidencia ejecutada
Mantenibilidad,Definir umbral verificable con responsables,Pendiente,Pruebas y medición en entorno objetivo,No evaluado,PENDING,Sin evidencia ejecutada
Flexibilidad,Definir umbral verificable con responsables,Pendiente,Pruebas y medición en entorno objetivo,No evaluado,PENDING,Sin evidencia ejecutada
Safety,Definir umbral verificable con responsables,Pendiente,Pruebas y medición en entorno objetivo,No evaluado,PENDING,Sin evidencia ejecutada
